actual_entry_number,address,error
0,0,0
1,2988,0
2,5976,0
3,8324,0
4,9820,0
5,11006,0
6,12186,0
7,13252,0
8,14276,2
9,14970,1
10,15604,1
11,16238,1
12,16868,1
13,17498,1
14,18094,1
15,18690,1
16,19154,1
17,19618,1
18,19996,1
19,20372,1
20,20740,1
21,21104,1
22,21464,1
23,21824,1
24,22180,1
25,22536,1
26,22888,1
27,23240,1
28,23560,1
29,23876,1
30,24186,1
31,24496,1
32,24804,1
33,25052,2
34,25292,2
35,25520,2
36,25728,1
37,25936,2
38,26104,2
39,26272,2
40,26424,2
41,26576,1
42,26728,1
43,26880,1
44,27032,1
45,27184,1
46,27328,1
47,27468,1
48,27608,1
49,27742,1
50,27874,1
51,28006,1
52,28138,1
53,28266,1
54,28394,1
55,28518,1
56,28642,1
57,28758,1
58,28874,1
59,28990,1
60,29100,1
61,29210,2
62,29316,2
63,29422,2
64,29524,1
65,29626,1
66,29722,1
67,29816,1
68,29910,1
69,30004,1
70,30096,1
71,30188,1
72,30280,1
73,30370,1
74,30460,1
75,30548,1
76,30632,1
77,30716,1
78,30800,2
79,30880,2
80,30956,2
81,31032,2
82,31108,2
83,31180,2
84,31252,2
85,31324,2
86,31396,2
87,31468,2
88,31536,2
89,31604,2
90,31670,2
91,31736,2
92,31802,1
93,31866,1
94,31930,1
95,31994,1
96,32058,1
97,32122,1
98,32186,2
99,32250,2
100,32314,2
101,32378,2
102,32442,2
103,32506,2
104,32570,2
105,32632,2
106,32694,2
107,32756,2
108,32816,1
109,32876,2
110,32934,2
111,32990,2
112,33046,2
113,33100,2
114,33152,2
115,33200,2
116,33248,2
117,33296,2
118,33344,2
119,33392,2
120,33440,2
121,33488,2
122,33536,2
123,33584,2
124,33632,2
125,33680,2
126,33728,2
127,33776,2
128,33824,1
129,33872,1
130,33920,1
131,33968,1
132,34016,1
133,34064,1
134,34112,1
135,34160,1
136,34208,1
137,34256,1
138,34304,1
139,34352,1
140,34400,1
141,34448,1
142,34496,1
143,34544,1
144,34592,1
145,34640,1
146,34688,1
147,34736,1
148,34784,1
149,34832,1
150,34880,1
151,34928,1
152,34976,1
153,35024,1
154,35072,1
155,35120,1
156,35168,1
157,35216,1
158,35264,1
159,35312,1
160,35360,1
161,35408,1
162,35456,1
163,35504,1
164,35552,1
165,35600,1
166,35648,1
167,35696,1
168,35744,1
169,35792,1
170,35840,0
171,35888,1
172,35936,1
173,35984,1
174,36032,1
175,36080,1
176,36128,1
177,36176,1
178,36224,1
179,36272,1
180,36320,1
181,36368,1
182,36416,1
183,36464,1
184,36512,1
185,36560,1
186,36608,1
187,36652,1
188,36696,1
189,36740,1
190,36784,1
191,36828,1
192,36872,1
193,36916,1
194,36960,1
195,37002,1
196,37044,1
197,37084,2
198,37124,2
199,37164,2
200,37204,2
201,37242,2
202,37280,2
203,37318,2
204,37356,2
205,37393,2
206,37429,2
207,37465,2
208,37501,2
209,37537,2
210,37573,2
211,37609,2
212,37643,2
213,37677,2
214,37711,2
215,37743,2
216,37775,2
217,37807,2
218,37839,2
219,37871,1
220,37902,1
221,37932,1
222,37962,1
223,37992,2
224,38022,2
225,38050,2
226,38078,2
227,38106,2
228,38134,2
229,38162,2
230,38190,3
231,38218,3
232,38246,3
233,38274,3
234,38302,3
235,38330,3
236,38358,3
237,38386,3
238,38414,4
239,38442,4
240,38470,4
241,38498,4
242,38524,4
243,38550,4
244,38576,4
245,38600,4
246,38624,4
247,38648,4
248,38672,4
249,38696,4
250,38716,4
251,38736,3
252,38756,3
253,38776,3
254,38796,3
255,38816,3
256,38836,2
257,38856,2
258,38876,2
259,38896,2
260,38916,1
261,38936,1
262,38956,2
263,38976,2
264,38996,2
265,39016,3
266,39036,3
267,39056,4
268,39076,4
269,39096,5
270,39116,5
271,39136,5
272,39156,6
273,39174,6
274,39192,6
275,39210,7
276,39228,7
277,39246,7
278,39264,8
279,39281,8
280,39298,8
281,39315,8
282,39331,8
283,39347,9
284,39363,9
285,39379,9
286,39395,9
287,39411,9
288,39427,9
289,39443,9
290,39459,10
291,39475,10
292,39491,10
293,39505,10
294,39519,10
295,39533,10
296,39547,10
297,39561,10
298,39574,10
299,39587,10
300,39600,10
301,39613,10
302,39625,9
303,39637,9
304,39649,9
305,39661,9
306,39673,9
307,39685,9
308,39697,9
309,39709,8
310,39721,8
311,39733,8
312,39745,8
313,39757,8
314,39769,8
315,39781,8
316,39791,7
317,39801,7
318,39811,7
319,39821,6
320,39831,6
321,39841,6
322,39851,6
323,39859,5
324,39867,5
325,39875,4
326,39883,4
327,39891,3
328,39899,3
329,39907,3
330,39913,2
331,39919,1
332,39925,1
333,39931,0
334,39935,0
335,39939,3
336,39943,6
337,39947,9
338,39951,12
339,39955,15
340,39959,18
341,39963,21
342,39967,24
343,39971,27
344,39975,30
345,39979,33
346,39981,34
347,39983,35
348,39985,36
349,39987,37
350,39989,38
351,39991,39
352,39993,40
353,39995,41
354,39997,42
355,39999,43
356,40001,44
357,40003,45
358,40005,46
359,40007,47
360,40009,48
361,40011,49
362,40013,50
363,40015,51
364,40017,52
365,40019,53
366,40021,54
367,40023,55
368,40025,56
369,40027,57
370,40029,58
371,40031,59
372,40033,60
373,40035,61
374,40037,62
375,40039,63
376,40041,64
377,40043,65
378,40043,64
379,40043,63
380,40043,62
381,40043,61
382,40043,60
383,40043,59
384,40043,58
385,40043,57
386,40043,56
387,40043,55
388,40043,54
389,40043,53
390,40043,52
391,40043,51
