entry, address
0, 0
1, 13396
2, 17276
3, 18756
4, 20108
5, 21300
6, 22332
7, 22908
8, 23356
9, 23724
10, 24064
11, 24380
12, 24620
13, 24820
14, 25020
15, 25204
16, 25360
17, 25516
18, 25672
19, 25828
20, 25980
21, 26132
22, 26284
23, 26436
24, 26584
25, 26732
26, 26880
27, 27028
28, 27168
29, 27304
30, 27436
31, 27564
32, 27680
33, 27788
34, 27880
35, 27964
36, 28048
37, 28132
38, 28216
39, 28300
40, 28384
41, 28468
42, 28552
43, 28632
44, 28712
45, 28792
46, 28872
47, 28952
48, 29032
49, 29112
50, 29192
51, 29272
52, 29352
53, 29432
54, 29512
55, 29592
56, 29672
57, 29752
58, 29832
59, 29912
60, 29992
61, 30068
62, 30144
63, 30220
64, 30296
65, 30372
66, 30448
67, 30524
68, 30600
69, 30676
70, 30752
71, 30828
72, 30904
73, 30980
74, 31056
75, 31132
76, 31208
77, 31284
78, 31360
79, 31436
80, 31512
81, 31588
82, 31664
83, 31740
84, 31816
85, 31892
86, 31968
87, 32044
88, 32120
89, 32196
90, 32268
91, 32340
92, 32412
93, 32484
94, 32556
95, 32628
96, 32700
97, 32772
98, 32840
99, 32908
100, 32976
101, 33044
102, 33112
103, 33180
104, 33248
105, 33316
106, 33384
107, 33452
108, 33520
109, 33588
110, 33656
111, 33724
112, 33792
113, 33860
114, 33928
115, 33996
116, 34064
117, 34132
118, 34200
119, 34268
120, 34336
121, 34404
122, 34472
123, 34540
124, 34608
125, 34676
126, 34744
127, 34812
128, 34880
129, 34948
130, 35016
131, 35084
132, 35152
133, 35220
134, 35288
135, 35356
136, 35424
137, 35492
138, 35560
139, 35628
140, 35696
141, 35764
142, 35832
143, 35900
144, 35968
145, 36036
146, 36104
147, 36172
148, 36240
149, 36300
150, 36352
151, 36400
152, 36448
153, 36492
